carrier,year,month,arr_flights,arr_del15,arr_cancelled,arr_diverted,arr_delay,carrier_ct,weather_ct,nas_ct,security_ct,late_aircraft_ct,carrier_delay,weather_delay,nas_delay,security_delay,late_aircraft_delay,total_delay_rate,cancellation_rate,diversion_rate,avg_delay_minutes,carrier_delay_pct,weather_delay_pct,nas_delay_pct,security_delay_pct,late_aircraft_delay_pct
9E,2024,9,2248.0,285.0,40.0,4.0,24553.0,64.42,17.36,90.64,0.0,112.57,7942.0,2297.0,3758.0,0.0,10556.0,0.1203390529615575,0.009074410163339383,0.0009074410163339383,60.54107142857143,38.218250651808994,3.100110718239937,38.579134969106036,0.0,20.102503660845027
9E,2024,10,2602.0,196.0,0.0,0.0,14980.0,70.06,12.57,32.82,0.0,80.55,7612.0,996.0,1023.0,0.0,5349.0,0.046337453190544955,0.0,0.0,70.24615384615385,67.70769230769231,3.223076923076923,8.415384615384616,0.0,20.653846153846153
9E,2024,11,2551.0,287.0,2.0,0.0,21984.0,68.83,14.56,90.76,0.0,112.85,8336.0,1099.0,3169.0,0.0,9380.0,0.13110430659818254,0.0003951007506914263,0.0,57.338615023474176,28.60856807511737,2.563380281690141,48.96009389671361,0.0,19.867957746478872
9E,2024,12,3474.0,675.0,24.0,8.0,58723.0,136.62,19.61,203.3,0.0,315.48,15341.0,2684.0,10052.0,0.0,30646.0,0.18057971014492752,0.0034782608695652175,0.0011594202898550724,62.520305514157975,13.53505722716502,1.4612300859897767,31.30193663283707,0.0,53.70177605400814
9E,2025,1,3224.0,537.0,213.0,0.0,48165.0,109.94000000000001,15.59,135.02,1.38,275.07000000000005,13151.0,4293.0,7299.0,50.0,23372.0,0.19212816455696202,0.04135680379746835,0.0,103.91935263589184,19.82573067467905,1.4904397705544934,28.4451652553947,0.13193116634799235,50.106733133023766
9E,2025,2,2756.0,425.0,26.0,3.0,34035.0,83.87,17.73,149.60999999999999,0.16,173.63,10723.0,1840.0,7099.0,15.0,14358.0,0.15739417989417992,0.0223015873015873,0.0005555555555555556,60.855235042735046,10.080528846153847,7.566372863247864,52.49652777777777,0.019230769230769232,29.837339743589745
9E,2025,3,3516.0,631.0,11.0,1.0,57989.0,114.99,25.75,132.67,0.0,357.59,16098.0,5779.0,6291.0,0.0,29821.0,0.15412269640052212,0.026935244795469125,0.0001438021282714984,75.97827476038339,15.434185303514376,2.056709265175719,25.27843450479233,0.0,57.230670926517575
9E,2025,4,3310.0,692.0,33.0,10.0,68403.0,139.07,28.1,125.11,0.0,399.71999999999997,17787.0,4014.0,6920.0,0.0,39682.0,0.25686373905587995,0.005059797608095676,0.0015332720024532351,114.04643032988676,27.567231185256198,2.0753630038848434,16.536420044603325,0.0,53.82098576625563
9E,2025,5,3178.0,801.0,46.0,8.0,68928.0,150.48,26.61,207.62,0.0,416.3,19502.0,3384.0,10612.0,0.0,35430.0,0.25921530895873424,0.03189544579858884,0.0012828736369467607,81.34295382165605,20.965509613816206,1.6949044585987263,35.71045445322788,0.0,41.62913147435719
9E,2025,6,2779.0,732.0,107.0,11.0,70538.0,134.97,43.36,156.01,0.8,396.85,19403.0,5308.0,11377.0,33.0,34417.0,0.25114409400123683,0.08328695114409401,0.0020408163265306124,82.75014044943819,21.044089102375032,3.044986586890265,34.30604327307968,0.05618056433376874,41.548700473321254
9E,2025,7,2594.0,625.0,28.0,6.0,57629.0,112.56,36.97,146.42999999999998,0.0,329.04,15085.0,4745.0,10005.0,0.0,27794.0,0.1974199567484834,0.06253842549001905,0.0011995201919232307,87.04565115735329,26.9731704465747,3.025368248772504,21.71878653261632,0.0,48.28267477203647
AA,2024,9,3977.0,755.0,13.0,4.0,53774.0,280.15,17.990000000000002,196.99,2.77,257.11,21926.0,1717.0,7068.0,115.0,22948.0,0.20899389280624042,0.003117991313956718,0.0003943217665615142,67.33875020002293,36.424853692983945,1.6351329931489724,25.208918929329062,0.20387106193480672,36.52722332260321
AA,2024,10,4238.0,641.0,11.0,6.0,39703.0,239.75,1.81,150.06,2.9299999999999997,246.44,16013.0,98.0,4739.0,165.0,18688.0,0.1579474530993868,0.0022996478659462086,0.0005494505494505495,53.96063334445928,40.65871230903922,0.26708619847993564,24.513112445688343,0.3930744890734664,34.16801455771904
AA,2024,11,3755.0,610.0,23.0,1.0,36482.0,224.36,12.0,198.32,3.7800000000000002,171.55,14375.0,1205.0,5903.0,162.0,14837.0,0.1833266163632027,0.014397900886589961,0.00010220768601798856,57.28027797244215,39.135733767575616,2.800850826287361,24.90714011382245,0.4551587413407427,32.701116550973836
AA,2024,12,3816.0,764.0,29.0,5.0,51895.0,295.39,20.22,160.71,4.32,283.36,20607.0,2743.0,5750.0,169.0,22626.0,0.24197149306520344,0.012343923347863332,0.001599734886114735,68.72906490060679,38.79028473888265,3.3052372621207744,19.94306235035738,0.36454150611613445,37.59687414252306
AA,2025,1,3626.0,656.0,88.0,6.0,46268.0,262.63,19.44,192.79000000000002,5.62,175.51,21740.0,859.0,7346.0,212.0,16111.0,0.20218822826803112,0.03831697940099375,0.0006305170239596469,63.32681210611811,37.861141003625136,2.955566378107198,25.83584091439549,0.5715731452721625,32.77587855860001
AA,2025,2,3362.0,647.0,28.0,6.0,43052.0,221.54000000000002,15.5,230.69,2.6,176.66,17333.0,1273.0,9559.0,105.0,14782.0,0.20935958579944292,0.011866765880560333,0.0009591599777878742,69.67828341168844,41.710072325403225,2.7606440376154033,26.903756605595735,0.19581321718443884,28.429713814201197
AA,2025,3,3991.0,832.0,42.0,4.0,68286.0,295.43,20.11,233.76999999999998,2.7800000000000002,279.91,29582.0,2608.0,8574.0,126.0,27396.0,0.24777271439135756,0.014948309969187439,0.0037244200722695874,70.27247725248229,34.3951438907085,1.8934479250877723,28.251047549244664,0.2354364364098117,35.224924198549246
AA,2025,4,3915.0,1022.0,35.0,7.0,74439.0,296.11,38.29,291.18,2.3200000000000003,394.08000000000004,24871.0,2770.0,11696.0,112.0,34990.0,0.32624543574755943,0.013877000738302203,0.002198864263237962,69.9852669643941,26.264937081364486,5.193721591187709,27.833733556202965,0.17763395607599664,40.529973815168844
AA,2025,5,4107.0,1115.0,42.0,5.0,84549.0,336.57,70.91,320.75,1.73,385.04999999999995,28257.0,7024.0,14928.0,91.0,34249.0,0.3237081941398825,0.018880933085190694,0.0012502278772883798,65.74354261458923,26.7147773020435,6.984132242141924,30.94151437697276,1.1164395588958347,34.24313651994598
AA,2025,6,4174.0,1376.0,52.0,17.0,127112.0,431.79999999999995,60.54,347.65,2.15,533.86,45671.0,6750.0,18645.0,94.0,55952.0,0.37585315652408335,0.015590212199336921,0.00572496748514815,89.36517885035926,28.737758243223883,4.347486324955513,23.467926461213544,0.06926635652521296,43.37756261408184
AA,2025,7,4365.0,1536.0,109.0,17.0,134936.0,467.26,76.6,319.54,3.88,668.71,39191.0,8367.0,19461.0,260.0,67657.0,0.3914825067584247,0.04003889753561045,0.007668130133559418,82.21797078612605,27.61179668553759,3.441268674107226,19.889817657494934,0.1859822729676862,48.87113470989256
AS,2024,9,1301.0,229.0,7.0,3.0,10199.0,64.48,2.91,78.36,1.23,82.02,3468.0,198.0,2730.0,57.0,3746.0,0.20463980085196892,0.005294311400449508,0.0039302382706951616,43.18472269332082,27.55941940605492,1.9387345289214448,40.139082199689675,0.28738317757009346,30.075380687763865
AS,2024,10,1226.0,215.0,4.0,0.0,8906.0,50.82,2.58,102.65,0.98,57.97,2995.0,104.0,3179.0,39.0,2589.0,0.21201308329726246,0.0039787571701011765,0.0,41.59759369158682,25.919736842105266,0.8814295353769038,49.46666666666667,0.7995951417004048,22.932571814150762
AS,2024,11,1164.0,190.0,5.0,0.0,7905.0,44.7,2.6799999999999997,88.03,0.46,54.14,1836.0,125.0,2791.0,11.0,3142.0,0.16250769884626898,0.0029196458971739872,0.0,41.29107073750553,24.897573707612978,1.1341911764705883,42.04807039168903,0.09663865546218489,31.823526068765226
AS,2024,12,1270.0,248.0,5.0,2.0,11991.0,73.25,7.2,85.17,1.38,80.99,3510.0,701.0,3163.0,78.0,4539.0,0.20656335698296113,0.0055849917570442035,0.002008562045507858,45.298945335710044,25.80180357731178,2.9219839911633496,39.935147028821454,0.2255049349630695,31.115560467740348
AS,2025,1,936.0,123.0,10.0,1.0,6222.0,30.2,2.37,53.74,0.39,36.3,2328.0,95.0,1788.0,43.0,1968.0,0.1615014303593778,0.015029948149472554,0.0021008403361344537,43.42293233082707,21.88063909774436,2.8491541353383463,47.85103383458647,0.6964285714285714,26.722744360902258
AS,2025,2,833.0,183.0,17.0,4.0,9792.0,54.41,5.78,67.61,0.06,55.15,3390.0,458.0,2506.0,1.0,3437.0,0.24406994392138703,0.009063898749807068,0.008313245810749057,50.59386859582543,28.878601991104098,2.4905253726991377,37.703207490761294,0.04837149306675266,30.87929365236871
AS,2025,3,1023.0,193.0,6.0,1.0,7162.0,41.65,3.37,88.58,0.0,59.400000000000006,1645.0,236.0,2669.0,0.0,2612.0,0.20145774426372998,0.0036854103343465046,0.002551020408163265,36.48925156684747,18.933691858014107,1.5064715719063546,49.208371040723975,0.0,30.351465529355554
AS,2025,4,1081.0,222.0,3.0,0.0,11395.0,49.74,1.94,102.71000000000001,0.0,67.62,3647.0,135.0,4081.0,0.0,3532.0,0.26781542200055874,0.003711899303786721,0.0,50.541350328042746,23.44961270444749,1.2469295920428154,47.6131486942901,0.0,27.690309009219597
AS,2025,5,1243.0,322.0,5.0,1.0,17463.0,68.57,0.66,153.46,0.04,99.27,3575.0,44.0,7044.0,4.0,6796.0,0.28698855643635124,0.0026282704723071693,0.0011467889908256881,50.056902138461105,19.871757535535604,0.113013698630137,53.2880279025907,0.00684931506849315,26.720351548175067
AS,2025,6,1308.0,409.0,13.0,9.0,21395.0,96.06,4.75,141.62,2.0,164.57,5412.0,664.0,6628.0,72.0,8619.0,0.3537994426593113,0.007392313139888992,0.010381140598531903,50.819192952761966,21.836029169322753,0.8348011782032401,38.02511089618183,0.5,38.80405875629218
AS,2025,7,1353.0,488.0,21.0,6.0,27950.0,111.24,7.6000000000000005,182.37,0.06,186.73,7193.0,681.0,8874.0,5.0,11197.0,0.41966179680379895,0.011171749330525086,0.005832403403543032,54.99502989066546,22.05497285096333,1.1062246435335403,41.563051549763266,0.011225766103814885,35.264525189636046
B6,2024,9,1081.0,158.0,0.0,2.0,8824.0,80.32,1.94,48.51,0.61,26.630000000000003,5151.0,78.0,1752.0,28.0,1815.0,0.16794566565733615,0.0,0.0016950589032968897,56.19381018714796,52.57884801856395,0.978162706343919,27.54608765543048,0.25738396624472576,18.639517653416913
B6,2024,10,1111.0,99.0,1.0,0.0,5400.0,51.019999999999996,0.0,24.64,0.0,23.330000000000002,3149.0,0.0,998.0,0.0,1253.0,0.09722611266728914,0.0012254901960784314,0.0,56.266800659657804,50.019026764893276,0.0,32.43303518961817,0.0,17.547938045488568
B6,2024,11,848.0,136.0,0.0,2.0,8099.0,74.26,1.15,36.83,0.26,23.509999999999998,5537.0,24.0,1115.0,9.0,1414.0,0.17962465367157773,0.0,0.001177856301531213,60.128846153846155,56.644049602072926,0.7634615384615385,24.796571230607878,0.4812141402924301,17.314703488565232
B6,2024,12,980.0,176.0,5.0,0.0,13045.0,79.66,3.4299999999999997,35.93,0.0,56.989999999999995,5341.0,456.0,2030.0,0.0,5218.0,0.22862695003485745,0.011251167133520076,0.0,82.1350594926289,43.790235928957536,3.4415235675306426,17.356470069109783,0.0,35.41177043440205
B6,2025,1,796.0,147.0,8.0,1.0,7685.0,45.29,1.3900000000000001,69.78,0.45,30.08,2148.0,121.0,2707.0,20.0,2689.0,0.22095486789139296,0.01859935011397255,0.0006049606775559588,53.524527762800744,35.87902508577556,0.7983810582235779,39.83192401776921,0.1851851851851852,23.305484653046467
B6,2025,2,740.0,229.0,13.0,3.0,16401.0,55.85,6.38,125.38,0.38,41.019999999999996,4854.0,1362.0,5831.0,40.0,4314.0,0.36645524816731045,0.022610377085085256,0.004922012704113871,74.3156268088977,28.506274784974398,2.6573734258238626,49.90358674505634,0.2674643790122541,18.66530066513315
B6,2025,3,888.0,167.0,3.0,4.0,12533.0,54.629999999999995,2.42,63.18000000000001,0.07,46.7,3278.0,419.0,3169.0,15.0,5652.0,0.21761695906432746,0.0031798245614035087,0.0059576023391812866,75.70454492141684,35.69812338728595,1.089455782312925,30.540828055360077,0.02380952380952381,32.64778325123152
B6,2025,4,846.0,137.0,1.0,3.0,8902.0,46.55,1.0,55.63,0.0,33.81,3368.0,369.0,2270.0,0.0,2895.0,0.23406729200785117,0.000552791597567717,0.004236032849869742,59.83780193236715,31.316799402116516,0.4830917874396135,45.594448039237015,0.0,22.605660771206857
B6,2025,5,986.0,196.0,4.0,2.0,11511.0,50.510000000000005,0.28,99.22999999999999,0.0,45.99,2742.0,31.0,4954.0,0.0,3784.0,0.24425122411209665,0.0030893354708194966,0.003129890453834116,58.263876004947434,25.336383617317964,0.24337121212121215,54.54669166411591,0.0,19.87355350644492
B6,2025,6,991.0,240.0,5.0,1.0,18295.0,64.9,4.61,99.87,0.0,70.63,5073.0,609.0,5896.0,0.0,6717.0,0.2835228336140745,0.008062375580623756,0.001893939393939394,74.15016625475191,26.979467108168492,1.4274252986878857,43.770759892987115,0.0,27.822347700156502
B6,2025,7,1078.0,338.0,37.0,0.0,27487.0,77.6,11.219999999999999,115.28999999999999,0.4,133.5,5735.0,1087.0,6082.0,89.0,14494.0,0.35142994312558473,0.042899560810129266,0.0,74.66283418985174,25.389541063957598,2.2510272235778195,38.967021992568135,0.06379280098240914,33.32861691891403
C5,2024,9,1294.0,143.0,6.0,1.0,13980.0,43.69,2.03,31.22,0.0,66.06,5085.0,248.0,854.0,0.0,7793.0,0.11051004636785162,0.00463678516228748,0.0007727975270479134,97.76223776223776,30.552447552447553,1.4195804195804196,21.83216783216783,0.0,46.19580419580419
C5,2024,10,1406.0,119.0,0.0,0.0,12993.0,42.72,0.08,35.59,0.0,40.6,7609.0,21.0,1090.0,0.0,4273.0,0.08463726884779517,0.0,0.0,109.18487394957984,35.90217665350029,0.06723254054962602,29.910076477014876,0.0,34.1205143289352
C5,2024,11,1292.0,163.0,1.0,0.0,17633.0,63.71,1.59,36.85,0.0,60.84,7018.0,366.0,1386.0,0.0,8863.0,0.12616099071207432,0.0007739938080495357,0.0,108.17791411042944,39.088287625007666,0.9755199705503405,22.60874900300632,0.0,37.32744340143567
C5,2024,12,1363.0,367.0,20.0,4.0,35229.0,94.78,10.32,97.25,1.0,163.65,7913.0,2829.0,4208.0,29.0,20250.0,0.2692589875275128,0.014673514306676448,0.00293470286133529,95.99182561307902,25.82561307901907,2.811989100817439,26.498637602179837,0.2724795640326975,44.59128065395095
C5,2025,1,1287.0,367.0,102.0,1.0,37502.0,86.07,12.85,121.48,0.0,146.6,8152.0,1967.0,6971.0,0.0,20412.0,0.2851592851592852,0.07925407925407925,0.000777000777000777,102.18528610354224,23.452316076294277,3.5013623978201633,33.1008174386921,0.0,39.945504087193456
C5,2025,2,1211.0,302.0,50.0,2.0,31612.0,80.77,10.01,90.55,0.0,120.67,9119.0,2794.0,4456.0,0.0,15243.0,0.24938067712634188,0.04128819157720892,0.0016515276630883566,104.67549668874172,26.745033112582778,3.3145695364238414,29.98344370860927,0.0,39.95695364238411
C5,2025,3,1625.0,261.0,22.0,2.0,28803.0,62.79,8.3,65.81,0.0,124.1,6603.0,1660.0,3012.0,0.0,17528.0,0.5800492610837439,0.0067733990147783255,0.0006157635467980296,101.21346153846153,12.075,51.40384615384615,12.65576923076923,0.0,23.865384615384613
C5,2025,4,1536.0,227.0,1.0,1.0,19607.0,57.45,9.98,63.16,0.0,96.4,6602.0,694.0,2927.0,0.0,9384.0,0.14778645833333334,0.0006510416666666666,0.0006510416666666666,86.37444933920705,25.309484999339176,4.396669456804265,27.825014317811352,0.0,42.468831226045204
C5,2025,5,1673.0,339.0,19.0,7.0,26719.0,88.11,12.09,94.48,0.0,144.33,7784.0,910.0,4711.0,0.0,13314.0,0.2026300059772863,0.011356843992827256,0.0041841004184100415,78.81710914454277,25.990383764490723,3.566266481814696,27.86938438394148,0.0,42.57396536975311
C5,2025,6,1672.0,458.0,42.0,9.0,71609.0,110.92,16.78,98.18,0.0,232.11,19287.0,4037.0,8089.0,0.0,40196.0,0.27392344497607657,0.025119617224880382,0.005382775119617225,156.35152838427948,24.218869407628986,3.6638354549225967,21.437149282735433,0.0,50.68014585471299
C5,2025,7,1691.0,436.0,94.0,10.0,59658.0,108.3,24.54,114.22,1.0,187.93,13392.0,5626.0,13939.0,22.0,26679.0,0.25783560023654645,0.05558840922531047,0.0059136605558840925,136.8302752293578,24.840019266496938,5.628569462602353,26.197848574508587,0.22936305878575197,43.104199637606364
DL,2024,9,23489.0,3023.0,108.0,35.0,200043.0,991.08,134.35999999999999,859.0,2.52,1036.04,90247.0,13478.0,31069.0,179.0,65070.0,0.1338096214581984,0.0027273026212504777,0.0019724852467655186,67.83277454006632,43.835712735782515,3.4619741522130383,26.51700928902915,0.11810987603494807,26.06719394694035
DL,2024,10,24418.0,1940.0,189.0,5.0,122355.0,834.99,20.319999999999997,406.63,2.34,675.7199999999999,69803.0,3324.0,11573.0,71.0,37584.0,0.10096245182296701,0.003296097360090347,0.00036118618612506663,58.36243046218815,48.436376325209025,0.7580445911566855,24.215318334955924,0.03979591836734694,26.550464830311018
DL,2024,11,22641.0,2368.0,4.0,10.0,144669.0,822.44,34.79,759.64,2.64,748.49,73694.0,4673.0,23908.0,132.0,42262.0,0.11997068695571234,0.00012560796301957575,0.00020646613778104415,61.80840029784833,42.53911110161438,1.6015481860522498,33.55195236246007,0.0361245970191734,22.27126375285411
DL,2024,12,22983.0,4080.0,12.0,20.0,271526.0,1341.49,87.24,1134.24,0.0,1517.02,119655.0,12374.0,45097.0,0.0,94400.0,0.18997269328385102,0.00022910341701484245,0.0016619665982627384,62.707322426710974,40.726161725523944,2.04326711273528,26.435619100287298,0.0,30.79495206145348
DL,2025,1,21193.0,3833.0,900.0,29.0,356139.0,1208.92,181.60999999999999,1088.97,0.79,1352.68,134412.0,38834.0,78631.0,31.0,104231.0,0.1959287035726984,0.025092196628699638,0.0006503989546965047,86.35410016683844,40.23900651577909,4.88275195437126,30.68352175302075,0.006248062309790001,24.188471714519114
DL,2025,2,20122.0,3687.0,38.0,15.0,276288.0,1055.87,122.3,1135.39,3.09,1370.35,120213.0,13214.0,48216.0,191.0,94454.0,0.23122785802396972,0.0017204832510551433,0.0006552475864669035,68.95251340246737,38.11848585286161,3.4129510959822467,31.056417016667844,0.09177415429544901,27.320371880192845
DL,2025,3,23614.0,3636.0,124.0,28.0,287549.0,1075.8400000000001,87.17,915.04,0.95,1557.01,108366.0,15673.0,47053.0,60.0,116397.0,0.1799219605168576,0.00339402392050861,0.0016569227033786933,64.77085412601525,38.84579677508694,1.2237206344011364,26.171415209540378,0.008083730428863171,33.750983650542686
DL,2025,4,23340.0,3667.0,184.0,96.0,276768.0,1107.95,88.80000000000001,1070.03,2.81,1397.4,115824.0,9281.0,51105.0,146.0,100412.0,0.2218557966072405,0.002820687401656518,0.003391321426121128,65.01574472751793,37.79055431496778,2.719621485083772,32.533987019998534,0.05011239433227595,26.905724785617636
DL,2025,5,25271.0,5086.0,43.0,71.0,375893.0,1360.01,165.64000000000001,1438.09,3.01,2119.26,140433.0,18000.0,71114.0,354.0,145992.0,0.2434526689235948,0.0013701502133436631,0.004111531489907906,70.13604559571897,36.22078302457557,2.0009272458252294,32.285948849641564,0.05302676268546183,29.439314117272186
DL,2025,6,25780.0,5979.0,599.0,157.0,502710.0,1723.8200000000002,232.92,1518.3,1.56,2502.4,187835.0,24739.0,100894.0,105.0,189137.0,0.273559179699025,0.02066833293407396,0.0035921724376411033,76.74684397931047,33.83215708406072,4.145339986996632,27.69848944454642,0.00799671929464835,34.31601676510158
DL,2025,7,26605.0,5513.0,282.0,138.0,463295.0,1682.35,238.01999999999998,1264.8899999999999,2.11,2325.63,185019.0,26545.0,72966.0,148.0,178617.0,0.27241468198726076,0.015880584409712337,0.0067572013513033016,82.32581028587055,32.00904636320274,5.707364064100031,30.299038550973837,0.012202174415914873,31.97234884730748
F9,2024,9,3715.0,807.0,49.0,2.0,55509.0,173.38,12.0,277.25,0.0,344.37,18428.0,1975.0,9919.0,0.0,25187.0,0.2493961293410145,0.015111101844902193,0.0006224712107065049,66.52320500632659,20.936689550706557,1.2349362800423895,33.608427016685816,0.0,44.21994715256525
F9,2024,10,3873.0,897.0,61.0,0.0,59767.0,209.28,8.86,259.26,0.0,419.6,16931.0,468.0,9686.0,0.0,32682.0,0.24272534117930641,0.014892479561993363,0.0,62.80597936051589,24.50326964813971,0.7583299514079047,29.785091103562184,0.0,44.953309296890204
F9,2024,11,3678.0,888.0,51.0,3.0,59605.0,180.37,12.98,265.77,0.0,428.88,13152.0,3870.0,10037.0,0.0,32546.0,0.23860559233884798,0.0071539275955500685,0.0004476597249898764,68.91194739568333,27.24825215743128,0.8604380642920054,26.21526582878804,0.0,45.67604394948867
F9,2024,12,3307.0,739.0,9.0,0.0,55336.0,163.98,10.39,211.86,0.0,352.76,13140.0,1081.0,9239.0,0.0,31876.0,0.23747039064554049,0.002189757178927475,0.0,75.42406473983931,22.98270299516401,0.8268806622590826,29.21965159298517,0.0,46.97076474959174
F9,2025,1,3052.0,785.0,110.0,0.0,59487.0,168.53,13.280000000000001,249.42000000000002,0.0,353.77,15967.0,1932.0,10038.0,0.0,31550.0,0.23231303170276846,0.03819930175102487,0.0,76.18191938335238,27.143731451097544,1.6195939024945587,28.61757478443993,0.0,42.61909986196797
F9,2025,2,2877.0,746.0,20.0,2.0,58612.0,148.79,11.12,260.75,0.0,325.34,13745.0,1028.0,11347.0,0.0,32492.0,0.250645320102607,0.01318896649601772,0.0009568328681853822,80.51018494612354,23.922737215127878,1.5990686803158343,30.23331811172745,0.0,44.24487599282884
F9,2025,3,3542.0,860.0,45.0,3.0,64164.0,209.9,7.1899999999999995,240.09,0.0,402.82,18988.0,322.0,11148.0,0.0,33706.0,0.2779875782971758,0.01768467170943951,0.0005958523760381346,74.49051142214034,23.051979650519954,0.62388566096654,29.164615016210004,0.0,47.1595196723035
F9,2025,4,3341.0,1012.0,58.0,7.0,79731.0,224.25,19.86,350.03999999999996,0.0,417.86,17324.0,1653.0,18973.0,0.0,41781.0,0.27943201266103723,0.01623596007919756,0.0014330635347578739,70.02993087918571,24.579385010340644,2.0752449965957473,33.61410294071795,0.0,39.73126705234566
F9,2025,5,3633.0,1238.0,53.0,9.0,110895.0,270.94,26.8,462.5,0.0,477.76,24490.0,3712.0,30776.0,0.0,51917.0,0.32844368346241193,0.012408417830757605,0.0018001652771031376,79.50089918979326,27.02423784224736,2.2956042352777564,34.72113347692854,0.0,35.95902444554634
F9,2025,6,3808.0,1555.0,122.0,9.0,128592.0,380.65999999999997,34.03,544.99,0.0,595.3100000000001,30640.0,4294.0,35298.0,0.0,58360.0,0.41154968481743753,0.0328641092679717,0.0019927129204813515,81.09765505453704,25.208176945609594,2.844811293662705,34.95484335525161,0.0,36.99216840547609
F9,2025,7,3976.0,1417.0,116.0,6.0,128960.0,363.40999999999997,33.76,518.39,0.0,501.45,36251.0,3249.0,35601.0,0.0,53859.0,0.3594305276214512,0.03932498464414061,0.0022437139810267182,85.85743917701956,28.267515801282812,2.723285825830457,34.45097659828776,0.0,34.55822177459897
G4,2024,9,116.0,14.0,1.0,0.0,1864.0,6.69,0.23,3.01,0.0,4.07,1462.0,15.0,133.0,0.0,254.0,0.14874551971326164,0.007407407407407408,0.0,108.47142857142858,57.742857142857154,1.5333333333333332,17.704761904761906,0.0,23.019047619047623
G4,2024,10,116.0,16.0,2.0,1.0,1115.0,4.5,4.0,2.2,0.0,5.3,217.0,171.0,54.0,0.0,673.0,0.1521627995184617,0.0392156862745098,0.008130081300813009,54.35,23.150000000000002,23.333333333333332,34.0,0.0,19.516666666666666
G4,2024,11,98.0,11.0,0.0,0.0,495.0,2.74,2.19,3.81,0.0,2.26,117.0,66.0,105.0,0.0,207.0,0.12698412698412698,0.0,0.0,47.666666666666664,29.555555555555557,19.04444444444444,29.177777777777777,0.0,22.222222222222225
G4,2024,12,111.0,24.0,1.0,0.0,2019.0,6.66,2.0,8.280000000000001,0.0,7.05,838.0,36.0,395.0,0.0,750.0,0.23750000000000002,0.013333333333333334,0.0,75.02857142857142,30.46036835575914,4.761904761904762,35.4590228075198,0.0,29.318704074816296
G4,2025,1,76.0,20.0,1.0,0.0,2233.0,3.76,1.76,9.05,0.0,5.41,488.0,209.0,481.0,0.0,1055.0,0.25523944997629205,0.009009009009009009,0.0,133.32900432900433,32.29023515287453,5.333333333333333,41.34546948990411,0.0,21.030962023888026
G4,2025,2,61.0,9.0,0.0,1.0,750.0,3.13,0.48,3.89,0.0,1.5,355.0,23.0,147.0,0.0,225.0,0.14682539682539683,0.0,0.015873015873015872,79.97222222222223,34.416666666666664,8.0,38.02777777777778,0.0,19.555555555555554
G4,2025,3,107.0,11.0,2.0,0.0,935.0,3.54,0.07,0.97,0.0,6.41,385.0,2.0,41.0,0.0,507.0,0.11253561253561255,0.0251661918328585,0.0,88.77777777777779,30.772765246449456,0.5833333333333334,8.517126148705096,0.0,60.12677527151211
G4,2025,4,102.0,20.0,1.0,0.0,1071.0,6.34,0.31,7.17,0.0,6.18,381.0,14.0,364.0,0.0,312.0,0.20192307692307696,0.006410256410256411,0.0,57.93981481481482,38.75925925925926,1.291666666666667,29.361111111111114,0.0,30.587962962962962
G4,2025,5,149.0,39.0,2.0,0.0,3008.0,9.64,1.77,14.58,0.0,13.0,1194.0,49.0,772.0,0.0,993.0,0.2526463262764633,0.014982876712328766,0.0,90.41176470588236,28.373946855006594,3.359448059379394,35.2787087597685,0.0,32.98789632584552
G4,2025,6,270.0,84.0,2.0,4.0,6316.0,13.080000000000002,9.690000000000001,29.439999999999998,0.04,31.740000000000002,1029.0,755.0,1489.0,5.0,3038.0,0.30496153846153845,0.008333333333333333,0.016666666666666666,88.1634763086376,18.44908123671082,9.54677377987739,33.33687022037633,0.034196802598957,38.63307796043651
G4,2025,7,287.0,98.0,4.0,5.0,9711.0,20.33,6.59,34.59,0.0,36.489999999999995,3376.0,406.0,1723.0,0.0,4206.0,0.3290476848288701,0.014529433820772403,0.01984126984126984,90.70833333333333,19.188714063714063,8.296620046620047,36.44444444444445,0.0,36.07022144522144
G7,2024,9,187.0,22.0,0.0,0.0,1342.0,7.66,0.0,5.62,0.0,8.72,471.0,0.0,174.0,0.0,697.0,0.11764705882352941,0.0,0.0,61.0,34.81818181818182,0.0,25.545454545454543,0.0,39.63636363636364
G7,2024,10,328.0,19.0,0.0,0.0,1330.0,5.51,0.0,5.21,0.0,8.28,223.0,0.0,215.0,0.0,892.0,0.057926829268292686,0.0,0.0,70.0,28.999999999999996,0.0,27.421052631578945,0.0,43.57894736842105
G7,2024,11,488.0,59.0,0.0,0.0,5939.0,14.66,0.0,13.62,0.0,30.71,1037.0,0.0,450.0,0.0,4452.0,0.12090163934426229,0.0,0.0,100.66101694915254,24.851669774538056,0.0,23.08865909476182,0.0,52.05967113070011
G7,2024,12,492.0,109.0,2.0,0.0,8971.0,28.22,4.34,33.35,0.0,43.09,2194.0,442.0,1607.0,0.0,4728.0,0.22154471544715448,0.0040650406504065045,0.0,82.30275229357798,25.889908256880734,3.9816513761467887,30.59633027522936,0.0,39.53211009174312
G7,2025,1,450.0,92.0,24.0,1.0,7008.0,25.17,1.49,45.09,0.0,20.26,2365.0,268.0,2350.0,0.0,2025.0,0.20444444444444446,0.05333333333333334,0.0022222222222222222,76.17391304347827,27.35572220410825,1.6193891968264318,49.005542875774374,0.0,22.019345723290947
G7,2025,2,351.0,67.0,10.0,0.0,6812.0,18.08,1.81,24.8,0.0,22.31,2093.0,267.0,1022.0,0.0,3430.0,0.1908831908831909,0.02849002849002849,0.0,101.67164179104478,26.985074626865668,2.701492537313433,37.014925373134325,0.0,33.298507462686565
G7,2025,3,380.0,77.0,1.0,0.0,7575.0,22.38,1.94,18.2,0.0,34.48,1828.0,205.0,752.0,0.0,4790.0,0.2026315789473684,0.002631578947368421,0.0,98.37662337662337,29.064935064935067,2.519480519480519,23.636363636363637,0.0,44.77922077922077
G7,2025,4,565.0,118.0,2.0,0.0,14944.0,25.18,3.55,26.54,0.0,62.73,2873.0,234.0,1455.0,0.0,10382.0,0.2088495575221239,0.0035398230088495575,0.0,126.64406779661017,21.338983050847457,3.008474576271186,22.491525423728813,0.0,53.16101694915254
G7,2025,5,527.0,112.0,5.0,1.0,9359.0,26.1,0.7,33.71,0.0,51.49,1991.0,104.0,1517.0,0.0,5747.0,0.2125237191650854,0.009487666034155597,0.0018975332068311196,83.5625,23.30357142857143,0.625,30.098214285714285,0.0,45.973214285714285
G7,2025,6,488.0,126.0,4.0,5.0,16517.0,34.78,4.12,39.21,0.0,47.89,5400.0,1449.0,2168.0,0.0,7500.0,0.2581967213114754,0.00819672131147541,0.010245901639344262,131.0873015873016,27.6031746031746,3.2698412698412698,31.119047619047617,0.0,38.007936507936506
G7,2025,7,425.0,120.0,25.0,4.0,14404.0,29.85,2.67,40.58,0.0,46.89,2641.0,726.0,3671.0,0.0,7366.0,0.2823529411764706,0.058823529411764705,0.009411764705882352,120.03333333333333,24.87707308942412,2.2251854321193436,33.81948495707975,0.0,39.07825652137679
HA,2024,9,183.0,32.0,0.0,0.0,1781.0,26.84,0.0,0.0,2.22,2.95,1497.0,0.0,0.0,73.0,211.0,0.17486338797814208,0.0,0.0,55.65625,83.8487972508591,0.0,0.0,6.935332708528586,9.21587004061231
HA,2024,10,193.0,40.0,0.0,0.0,1782.0,32.27,0.0,0.0,0.0,7.73,1040.0,0.0,0.0,0.0,742.0,0.20725388601036268,0.0,0.0,44.55,80.67500000000001,0.0,0.0,0.0,19.325
HA,2024,11,180.0,32.0,1.0,2.0,1268.0,25.86,1.18,0.0,0.0,4.96,1028.0,42.0,0.0,0.0,198.0,0.17777777777777778,0.005555555555555556,0.011111111111111112,39.625,80.8125,3.6875,0.0,0.0,15.5
HA,2024,12,192.0,51.0,1.0,0.0,2388.0,42.55,0.0,0.0,2.04,6.41,1847.0,0.0,0.0,69.0,472.0,0.265625,0.005208333333333333,0.0,46.8235294117647,83.4313725490196,0.0,0.0,4.0,12.568627450980394
HA,2025,1,191.0,48.0,4.0,0.0,2245.0,42.61,0.0,0.87,0.0,4.52,1793.0,0.0,20.0,0.0,432.0,0.2513089005235602,0.020942408376963352,0.0,46.770833333333336,88.77083333333333,0.0,1.8124999999999998,0.0,9.416666666666666
HA,2025,2,168.0,38.0,0.0,2.0,2169.0,30.55,2.24,0.0,0.0,5.2,1545.0,60.0,0.0,0.0,564.0,0.2261904761904762,0.0,0.011904761904761904,57.078947368421055,80.41589892076863,5.896288496972888,0.0,0.0,13.687812582258488
HA,2025,3,199.0,48.0,0.0,0.0,2831.0,32.14,0.83,0.0,0.98,14.05,1885.0,15.0,0.0,40.0,891.0,0.24120603015075376,0.0,0.0,58.979166666666664,66.95833333333333,1.7291666666666667,0.0,2.0416666666666665,29.270833333333336
HA,2025,4,200.0,64.0,0.0,1.0,2420.0,55.11,0.0,1.0,0.39,7.5,2057.0,0.0,23.0,15.0,325.0,0.32,0.0,0.005,37.8125,86.109375,0.0,1.5625,0.609375,11.71875
HA,2025,5,217.0,90.0,0.0,0.0,4560.0,73.16,0.0,0.0,0.5,16.35,3864.0,0.0,0.0,20.0,676.0,0.4147465437788018,0.0,0.0,50.666666666666664,81.27985779357849,0.0,0.0,0.5554938340184424,18.164648372403068
HA,2025,6,187.0,56.0,0.0,1.0,3363.0,36.19,0.0,0.0,0.3,19.5,2233.0,0.0,0.0,17.0,1113.0,0.2994652406417112,0.0,0.0053475935828877,60.05357142857143,64.63654223968565,0.0,0.0,0.5358099660653689,34.827647794248975
HA,2025,7,176.0,78.0,0.0,0.0,3444.0,50.82,0.0,0.0,0.54,26.64,2175.0,0.0,0.0,22.0,1247.0,0.4431818181818182,0.0,0.0,44.15384615384615,65.15384615384615,0.0,0.0,0.6923076923076923,34.15384615384616
MQ,2024,9,12.0,1.0,0.0,0.0,55.0,0.0,0.0,0.44,0.0,0.56,0.0,0.0,24.0,0.0,31.0,0.05,0.0,0.0,27.5,0.0,0.0,22.0,0.0,28.000000000000004
MQ,2024,10,28.0,3.0,0.0,0.0,217.0,2.0,0.06,0.0,0.0,0.94,200.0,1.0,0.0,0.0,16.0,0.10555555555555556,0.0,0.0,77.5,75.0,1.5,0.0,0.0,23.5
MQ,2024,11,85.0,6.0,0.0,0.0,136.0,2.1100000000000003,0.57,1.61,0.0,1.71,50.0,15.0,40.0,0.0,31.0,0.049565217391304345,0.0,0.0,14.666666666666666,40.733333333333334,3.7999999999999994,10.733333333333334,0.0,11.399999999999999
MQ,2024,12,150.0,17.0,2.0,1.0,1098.0,4.35,1.49,7.1000000000000005,0.0,4.06,418.0,144.0,260.0,0.0,276.0,0.11878306878306878,0.007936507936507936,0.011111111111111112,98.14880952380952,32.0,15.583333333333334,33.69642857142857,0.0,18.720238095238095
MQ,2025,1,130.0,21.0,7.0,0.0,1250.0,7.4,1.17,6.82,0.0,5.6,421.0,86.0,397.0,0.0,346.0,0.13074074074074074,0.023333333333333334,0.0,45.60294117647059,22.992299391799097,2.295467922307239,20.325240337453405,0.0,21.053659015106923
MQ,2025,2,106.0,16.0,3.0,0.0,1017.0,2.33,0.1,8.39,0.0,5.18,260.0,11.0,278.0,0.0,468.0,0.12353286384976525,0.030223004694835683,0.0,47.78632478632479,12.64102564102564,0.25641025641025644,32.452991452991455,0.0,21.316239316239315
MQ,2025,3,160.0,38.0,2.0,0.0,2486.0,7.449999999999999,1.77,13.889999999999999,0.11,14.780000000000001,493.0,146.0,819.0,27.0,1001.0,0.22006129184347004,0.006600660066006601,0.0,37.60493827160494,11.711560044893377,2.2749719416386083,26.306397306397304,0.13580246913580246,26.23793490460157
MQ,2025,4,72.0,16.0,3.0,0.0,866.0,4.359999999999999,0.92,8.930000000000001,0.0,1.79,197.0,36.0,515.0,0.0,118.0,0.20694444444444446,0.0625,0.0,33.48717948717948,32.8034188034188,2.358974358974359,26.91452991452992,0.0,4.58974358974359
MQ,2025,5,165.0,42.0,1.0,0.0,2245.0,1.9100000000000001,3.9,26.04,0.98,9.16,130.0,343.0,1408.0,56.0,308.0,0.31587301587301586,0.003174603174603175,0.0,49.90510366826157,3.338949921415636,6.054905339747733,42.75487262950463,1.4855237229043503,46.36574838642764
MQ,2025,6,115.0,36.0,6.0,0.0,2685.0,8.409999999999998,2.41,15.31,0.0,9.89,441.0,770.0,790.0,0.0,684.0,0.29375,0.020833333333333332,0.0,53.17283950617284,10.674729889301217,5.242450727680229,33.93367825429613,0.0,16.81580779538908
MQ,2025,7,71.0,14.0,0.0,2.0,1021.0,3.9,1.06,5.54,0.0,3.5,164.0,127.0,436.0,0.0,294.0,0.2844611528822055,0.0,0.044486215538847115,76.1875,24.375,8.395833333333332,43.270833333333336,0.0,23.958333333333332
NK,2024,9,1677.0,239.0,38.0,1.0,15932.0,70.91,9.88,114.65,3.31,40.25,4753.0,686.0,6616.0,134.0,3743.0,0.1486427806838608,0.02527979664792219,0.0006765899864682003,66.3327517077517,32.22378972378973,3.54945054945055,45.081489456489464,1.5033783783783785,17.641891891891895
NK,2024,10,1723.0,301.0,12.0,1.0,19124.0,94.28,1.8,137.70999999999998,5.720000000000001,61.49,6749.0,196.0,6818.0,662.0,4699.0,0.17995374380935258,0.0072843965719204765,0.0005257623554153522,64.3490682378734,31.95702018817941,0.5282269114825979,44.59230839499406,1.85795195030602,21.06449255503791
NK,2024,11,1740.0,363.0,4.0,0.0,21947.0,82.33,2.97,204.67000000000002,1.89,71.14,5495.0,810.0,9782.0,46.0,5814.0,0.2108922440472097,0.0023382655571367356,0.0,60.82996785211975,25.64266663064184,1.1786649734105883,53.04482720724275,0.42846060659431323,19.705380582110514
NK,2024,12,1722.0,410.0,10.0,3.0,26043.0,105.45,5.57,205.82999999999998,3.84,89.31,6358.0,610.0,11308.0,234.0,7533.0,0.2383733164983165,0.005811318311318311,0.00174015799015799,63.96827624929814,28.451973561165588,1.5855196078149068,46.59549503452588,0.7887590536767174,22.578252742816908
NK,2025,1,1489.0,302.0,81.0,3.0,16586.0,76.1,6.0600000000000005,152.01,2.33,65.51,5331.0,375.0,6928.0,91.0,3861.0,0.20451475647293138,0.055923411189570886,0.0019817128372261452,55.412587721234054,25.595006626614232,2.132055203690603,49.75905162845238,0.7687205713672892,21.745165969875497
NK,2025,2,1263.0,289.0,8.0,1.0,16741.0,56.1,7.199999999999999,174.65,2.05,49.0,3738.0,395.0,9576.0,73.0,2959.0,0.22721863183742336,0.00645516036215182,0.0008210180623973727,56.55068832877822,19.707283125822453,2.6209889664945845,59.86451057799373,0.7572628808583866,17.049954448830857
NK,2025,3,1512.0,298.0,9.0,0.0,18811.0,70.25,4.99,164.93,1.6,56.24,5080.0,355.0,9049.0,103.0,4224.0,0.19012388558791166,0.005953277536677471,0.0,65.98639754278193,23.978914255253336,2.268599471759537,55.36409955621659,0.7055632517500159,17.682823465020522
NK,2025,4,1428.0,279.0,1.0,1.0,16982.0,76.41,9.56,141.2,0.98,50.86,5505.0,641.0,6299.0,22.0,4515.0,0.1917852671181039,0.0008077544426494346,0.0006180469715698393,59.70530076437355,27.86101095429415,3.7182705973186407,48.76089115381761,0.48039215686274506,19.179435137706857
NK,2025,5,1465.0,336.0,9.0,1.0,21311.0,73.43,9.73,192.3,1.44,59.099999999999994,4266.0,1127.0,11875.0,61.0,3982.0,0.22209140066282923,0.0057969118528124735,0.0006038647342995169,63.35664479081214,24.149179655455292,3.404552912223134,53.75422477440525,0.608039376538146,18.08400328137818
NK,2025,6,1461.0,366.0,17.0,9.0,22973.0,98.12,8.83,170.57,5.359999999999999,83.12,6416.0,548.0,9530.0,512.0,5967.0,0.24431435646388916,0.011893350678397408,0.0059994522611345035,63.54988669688083,28.003599040255928,3.05321914156225,44.63989602772594,1.3709010930418555,22.932384697414022
NK,2025,7,1332.0,300.0,14.0,2.0,22394.0,64.95,14.41,151.89,2.6,66.15,4232.0,1429.0,10021.0,66.0,6646.0,0.21935989987665966,0.010343357759558877,0.0013966480446927375,73.84345151367978,22.940019426906268,6.058199773352761,48.76080621661001,0.7157196049862393,21.52525497814473
OH,2024,9,340.0,71.0,6.0,2.0,6507.0,21.06,7.8100000000000005,19.11,0.0,23.02,1104.0,1065.0,620.0,0.0,3718.0,0.20831479009049103,0.015650496958908175,0.004672897196261682,89.1482905982906,28.905128205128204,12.128632478632479,24.38376068376068,0.0,34.58247863247863
OH,2024,10,403.0,48.0,0.0,0.0,2107.0,14.31,0.81,11.44,0.0,21.439999999999998,626.0,44.0,393.0,0.0,1044.0,0.12031447231216727,0.0,0.0,45.725806451612904,30.27988614800759,2.382352941176471,23.445920303605313,0.0,43.891840607210625
OH,2024,11,407.0,51.0,0.0,2.0,3265.0,15.32,1.0,15.360000000000001,0.0,19.32,1217.0,150.0,405.0,0.0,1493.0,0.12196630692287444,0.0,0.003816793893129771,70.69821428571429,30.079464285714288,1.4285714285714286,26.998214285714287,0.0,41.49375
OH,2024,12,442.0,128.0,2.0,1.0,8410.0,34.43,4.64,45.53,0.8699999999999999,42.54,2222.0,534.0,1893.0,59.0,3702.0,0.2760717543326239,0.0033444816053511705,0.0016722408026755853,62.8973717146433,26.36618444846293,3.631847675779172,32.16655143069886,0.6316881182852887,37.20372832677374
OH,2025,1,406.0,82.0,34.0,0.0,6593.0,29.15,4.05,18.73,0.0,30.08,1555.0,642.0,994.0,0.0,3402.0,0.18764972052169285,0.076627332682696,0.0,80.4375,33.79138676248503,4.5013235779131735,20.860073946779153,0.0,40.847215712822646
OH,2025,2,394.0,121.0,26.0,0.0,8477.0,45.45,4.95,21.65,1.0,47.95,2971.0,262.0,971.0,72.0,4201.0,0.3080501116348301,0.06685685934011412,0.0,68.25571895424837,41.67549019607843,3.616339869281046,17.53921568627451,0.5882352941176471,36.58071895424837
OH,2025,3,428.0,93.0,12.0,0.0,6855.0,27.799999999999997,2.65,19.22,0.6,42.72,1741.0,415.0,790.0,91.0,3818.0,0.21163522012578617,0.024814179531160663,0.0,71.47279129321383,30.124743000979954,3.0590441237694472,20.755074329560813,0.42253521126760557,45.63860333442218
OH,2025,4,448.0,114.0,3.0,2.0,8450.0,34.39,1.18,30.18,0.0,48.25,2685.0,83.0,1175.0,0.0,4507.0,0.24288870477768573,0.004901960784313725,0.005155113688667955,72.87261904761905,31.880952380952383,0.9273809523809524,22.367857142857144,0.0,44.82380952380953
OH,2025,5,438.0,137.0,12.0,1.0,8733.0,32.96,6.489999999999999,40.5,0.01,57.040000000000006,1940.0,606.0,1787.0,1.0,4399.0,0.3013698630136986,0.02910958904109589,0.0017123287671232876,65.66614338042909,27.143642072213503,3.673992673992674,25.83464154892726,0.01282051282051282,43.33490319204605
OH,2025,6,407.0,124.0,17.0,1.0,10641.0,29.1,15.14,35.65,0.0,44.11,1584.0,2108.0,2114.0,0.0,4835.0,0.29874517374517373,0.03861003861003861,0.0019305019305019305,84.6704378489568,25.015574493094327,13.273582133411695,26.202909197766672,0.0,35.5079341757273
OH,2025,7,365.0,99.0,30.0,1.0,7758.0,32.68,7.85,20.98,0.0,37.5,2030.0,1418.0,1322.0,0.0,2988.0,0.2752315252315252,0.08001008001008,0.0022522522522522522,80.0889724310777,32.89529435347474,8.97680376852629,21.273717201835822,0.0,36.85418467616315
OO,2024,9,9266.0,1126.0,13.0,19.0,97865.0,616.79,99.8,120.01999999999998,3.0,286.4,56185.0,12368.0,6830.0,81.0,22401.0,0.13425659240232712,0.003312139376026468,0.002336888264490915,86.4000030055396,62.70128287557378,11.612228371016979,10.835794085844151,0.1530899567457124,14.697604710819384
OO,2024,10,9991.0,1158.0,15.0,11.0,104786.0,683.72,105.59,127.07,1.53,240.1,65129.0,11104.0,7903.0,36.0,20614.0,0.11594153117697376,0.0008491436018936196,0.0008681385972180889,84.96130733372414,67.36944220880116,9.166831059433076,10.93323245554267,0.06042749490513278,12.470066781317957
OO,2024,11,9567.0,1569.0,234.0,8.0,129190.0,856.2399999999999,141.69,221.48000000000002,2.53,347.07,67111.0,18785.0,13514.0,117.0,29663.0,0.17150261330435268,0.013595292899856743,0.001225112995745474,74.18832744064517,63.356741623359525,12.51702439295904,12.141502975308454,0.16134792479783677,11.823383083575141
OO,2024,12,10102.0,1691.0,78.0,15.0,163000.0,903.64,237.5,240.17000000000002,1.56,308.13,83575.0,29858.0,18763.0,52.0,30752.0,0.23080421012377303,0.007243865829897125,0.0016861532642039594,102.30270548899536,57.71688215561931,15.869781077153718,14.549010842430473,0.05206942590120161,11.812256498895298
OO,2025,1,10378.0,2170.0,197.0,12.0,198162.0,1018.8199999999999,239.35000000000002,412.9200000000001,4.2700000000000005,494.66,86450.0,30082.0,30825.0,182.0,50623.0,0.23544218364888292,0.04185444226554563,0.0006556232620279318,106.0155667031633,56.617271351529055,12.648473626120088,17.78488104730084,0.428663881935462,12.520710093114554
OO,2025,2,9496.0,2089.0,183.0,24.0,191309.0,1034.67,224.11,331.02,3.56,495.64,91535.0,25237.0,25682.0,119.0,48736.0,0.23848713571041408,0.022178730102202053,0.0013229900887381748,95.72758801846204,56.44108827927254,15.369557071266907,15.821044513581192,0.09256448021236201,12.275745655666995
OO,2025,3,10705.0,1631.0,124.0,13.0,139029.0,798.3,207.09000000000003,333.97999999999996,3.0,288.63,66858.0,26622.0,20696.0,557.0,24296.0,0.1579901968376047,0.009614335627452574,0.000584979929332885,94.20864516386708,56.06926962097178,17.12143532883028,17.08128185322912,0.07845188284518828,9.649561314123627
OO,2025,4,10240.0,2085.0,67.0,41.0,190663.0,976.55,151.59,681.55,5.44,269.87,78833.0,17622.0,63920.0,458.0,29830.0,0.17555153220625114,0.005642524394054191,0.0031174707967460526,99.55469173536811,55.880978955261654,10.746261242531645,22.384570581178032,0.32351101945831706,10.664678201570354
OO,2025,5,10650.0,2345.0,100.0,68.0,213622.0,1059.9899999999998,246.5,785.26,2.84,250.42000000000002,82595.0,29954.0,69973.0,408.0,30692.0,0.19972714311454223,0.005994050236581715,0.0030249227657069703,86.09996516081704,57.6679454063888,14.634471390567981,19.9388347616377,0.04029489049437859,7.718453550911137
OO,2025,6,10738.0,2797.0,81.0,72.0,286194.0,1262.35,225.08,847.8800000000001,8.39,453.29999999999995,119233.0,31114.0,80131.0,450.0,55266.0,0.24751029369524466,0.005225426007133915,0.006298871943242985,113.98361312506975,57.71706327629987,11.156366675686009,19.45651520916059,0.5623868268395413,11.107668012013992
OO,2025,7,11048.0,2683.0,138.0,106.0,251618.0,1199.93,263.71000000000004,737.23,6.85,475.27,101946.0,34965.0,66571.0,380.0,47756.0,0.2291182352060262,0.009926431138882665,0.006839255099727309,98.11350265485788,54.56437875253897,14.649056952325012,19.373766553100225,1.145427360346183,10.267370381689606
QX,2024,9,167.0,50.0,0.0,0.0,4181.0,10.35,0.2,9.56,0.0,29.89,981.0,16.0,578.0,0.0,2606.0,0.2994011976047904,0.0,0.0,83.62,20.7,0.4,19.12,0.0,59.78
QX,2024,10,252.0,32.0,0.0,1.0,1708.0,5.48,0.99,14.75,0.0,10.78,409.0,23.0,498.0,0.0,778.0,0.12698412698412698,0.0,0.003968253968253968,53.375,17.125,3.09375,46.09375,0.0,33.6875
QX,2024,11,298.0,41.0,3.0,1.0,1892.0,19.35,0.0,11.42,0.0,10.24,1009.0,0.0,357.0,0.0,526.0,0.13758389261744966,0.010067114093959731,0.003355704697986577,46.146341463414636,47.183613752743234,0.0,27.84686661789807,0.0,24.96951962935869
QX,2024,12,294.0,41.0,6.0,0.0,2733.0,12.86,0.18,12.94,0.0,15.03,1144.0,4.0,397.0,0.0,1188.0,0.13945578231292516,0.02040816326530612,0.0,66.65853658536585,31.358205315776637,0.43891733723482074,31.553279687881002,0.0,36.649597659107535
QX,2025,1,439.0,78.0,10.0,0.0,4557.0,13.55,1.3,28.32,0.0,34.83,1271.0,88.0,853.0,0.0,2345.0,0.1776765375854214,0.022779043280182234,0.0,58.42307692307692,17.371794871794872,1.6666666666666667,36.30769230769231,0.0,44.653846153846146
QX,2025,2,383.0,101.0,12.0,0.0,7188.0,19.41,3.24,21.6,0.0,56.75,1611.0,178.0,945.0,0.0,4454.0,0.26370757180156656,0.031331592689295036,0.0,71.16831683168317,19.21782178217822,3.207920792079208,21.386138613861387,0.0,56.188118811881196
QX,2025,3,430.0,105.0,8.0,0.0,6319.0,19.95,0.91,22.46,0.0,61.67,1715.0,144.0,702.0,0.0,3758.0,0.2441860465116279,0.018604651162790697,0.0,60.180952380952384,19.001809696161537,0.8667492142108771,21.39251357272121,0.0,58.73892751690637
QX,2025,4,425.0,84.0,6.0,0.0,5056.0,16.84,0.89,18.35,0.0,47.93,1552.0,62.0,581.0,0.0,2861.0,0.1976470588235294,0.01411764705882353,0.0,60.19047619047619,20.045232710391623,1.0593976907511011,21.842637781216524,0.0,57.05273181764077
QX,2025,5,493.0,61.0,6.0,0.0,3071.0,11.34,0.03,19.22,0.0,30.41,651.0,2.0,494.0,0.0,1924.0,0.12373225152129817,0.012170385395537525,0.0,50.34426229508197,18.59016393442623,0.04918032786885246,31.50819672131147,0.0,49.85245901639344
QX,2025,6,571.0,92.0,4.0,2.0,4528.0,20.74,2.49,24.98,0.0,43.78,1265.0,99.0,679.0,0.0,2485.0,0.16112084063047286,0.0070052539404553416,0.0035026269702276708,49.21739130434783,22.545928905315797,2.7068159582563327,27.155125557125775,0.0,47.5921295793021
QX,2025,7,614.0,129.0,10.0,0.0,7245.0,32.34,1.31,33.72,0.0,61.63,2748.0,70.0,1140.0,0.0,3287.0,0.21009771986970685,0.016286644951140065,0.0,56.16279069767442,25.06976744186047,1.0155038759689923,26.139534883720927,0.0,47.775193798449614
UA,2024,9,14256.0,1563.0,74.0,18.0,105698.0,552.31,35.55,502.52,0.0,472.63,42518.0,2821.0,18750.0,0.0,41609.0,0.13432629257562959,0.006686144895505696,0.001502744456276621,65.55532912376663,35.73650197769241,2.4562609903154335,31.473847386638933,0.0,30.33338964535322
UA,2024,10,15139.0,1344.0,95.0,12.0,80783.0,507.73,12.44,405.21000000000004,0.0,418.61,34678.0,854.0,13583.0,0.0,31668.0,0.110920130444976,0.005635663324708872,0.0007098588805693212,56.33827360588012,38.31299141518829,0.7067939310224542,31.662928875444674,0.0,29.317285778344583
UA,2024,11,14156.0,1974.0,60.0,12.0,124920.0,621.78,31.119999999999997,631.98,0.0,689.14,41399.0,2220.0,24085.0,0.0,57216.0,0.13761826219224293,0.004240789675059909,0.001169068743711132,62.587325698778756,33.92342901635434,1.7077868493052666,30.34410083556649,0.0,34.0246832987739
UA,2024,12,14197.0,2005.0,53.0,10.0,137337.0,785.0,47.76,531.0,0.0,641.21,50346.0,5003.0,19606.0,0.0,62382.0,0.16250863239076044,0.004389918096899748,0.0011737160588077334,63.09309175919816,38.02577855586053,2.103929516765942,28.549970708594667,0.0,31.320321218778858
UA,2025,1,13783.0,2488.0,210.0,20.0,162120.0,768.11,82.39999999999999,968.2199999999999,0.0,669.29,54393.0,8003.0,40129.0,0.0,59595.0,0.17448129949750238,0.024348575548003817,0.001893026935542066,65.89723368107747,34.72241201560698,3.111335815096191,36.60073503248168,0.0,25.565517136815156
UA,2025,2,12615.0,2187.0,32.0,13.0,149281.0,589.51,67.08,959.3,0.0,571.12,43228.0,8299.0,42053.0,0.0,55701.0,0.17012722609450745,0.0026710281401520664,0.0012625817547460374,66.36068399458227,29.07871693796011,2.8228094995029016,37.59961242164309,0.0,30.498861140893908
UA,2025,3,14638.0,2011.0,51.0,28.0,128204.0,645.23,59.400000000000006,714.5799999999999,0.0,591.8,44384.0,6707.0,29653.0,0.0,47460.0,0.15012171423588644,0.0039158716252507345,0.0015965597038003038,62.560018803298775,33.998045706991256,2.449078660518972,32.264144669194984,0.0,31.28873096329479
UA,2025,4,13991.0,2591.0,39.0,49.0,189861.0,631.88,104.85,1315.03,0.0,539.22,45333.0,10936.0,79887.0,0.0,53705.0,0.16992446421383933,0.0037259415699108867,0.002533183722177538,67.92334330299047,28.87234616288123,3.2866283246327237,41.56490633565006,0.0,26.276119176835998
UA,2025,5,15320.0,3650.0,88.0,65.0,274612.0,795.9100000000001,141.27,1985.95,1.0,725.86,62030.0,12609.0,123759.0,42.0,76172.0,0.22617259366215903,0.006558261002212658,0.002959952066828563,69.99720679665832,26.43004648392253,3.9885478133098817,43.95510153698119,0.010390689941812137,25.615913475844582
UA,2025,6,15222.0,3876.0,80.0,115.0,305112.0,939.99,199.60000000000002,1884.81,0.0,851.5899999999999,72816.0,19440.0,123304.0,0.0,89552.0,0.2490812108423499,0.005801342014460916,0.006443615072869392,76.79024092184383,26.495156133483693,5.282679754553891,41.109263436822346,0.0,27.112900675140068
UA,2025,7,15904.0,4378.0,216.0,207.0,382390.0,1146.21,253.14000000000001,1822.76,1.43,1154.47,104651.0,30399.0,118025.0,220.0,129095.0,0.27685259089250963,0.015973528102967822,0.0075649679447762404,92.23049737859535,28.62636418298873,5.97321693841215,34.402403692735575,0.012976406533575319,30.985038779329976
WN,2024,9,12285.0,1749.0,29.0,21.0,79509.0,521.86,26.69,413.78999999999996,3.6500000000000004,783.03,25116.0,1776.0,15798.0,166.0,36653.0,0.16504067936124883,0.0021423563868882968,0.0014735208433268366,44.91841446991551,35.291875335387374,1.253144474195136,21.017656263808433,0.15736785951403753,42.27995606709502
WN,2024,10,12541.0,1486.0,79.0,9.0,66076.0,486.02,6.87,228.64,4.84,759.64,21677.0,518.0,7431.0,167.0,36283.0,0.13754013071034105,0.005077077682875424,0.0030506462349288673,44.24825564790479,36.22802530039276,0.27374287876186393,18.058062222504375,0.20998586666336488,45.230183731677634
WN,2024,11,11940.0,1549.0,81.0,3.0,70669.0,449.59,14.290000000000001,400.67,11.530000000000001,672.92,20869.0,1081.0,13946.0,724.0,34049.0,0.13040804377830817,0.003402677154460555,0.00019013062795302554,45.44632870886694,30.39489221902244,2.4431466764362013,27.30961515155005,0.5739648283886896,39.27838112460261
WN,2024,12,12363.0,2244.0,27.0,5.0,126905.0,657.49,27.06,385.9,9.799999999999999,1163.76,33642.0,2959.0,14850.0,425.0,75029.0,0.20375905708269365,0.0015450243684802863,0.0002974098750855097,54.79259522355155,31.353180823596055,0.9771698145332717,16.527665726082258,0.30071313992418325,50.84127049586423
WN,2025,1,11080.0,1690.0,253.0,8.0,85767.0,470.72,29.0,492.77000000000004,10.629999999999999,686.89,25321.0,2798.0,20678.0,401.0,36569.0,0.15643980250061998,0.02127278617126849,0.000593932544034377,49.54732488116326,33.619265022072334,1.3689996078977187,24.886881921111435,0.47890362595656816,39.64594982296194
WN,2025,2,10395.0,1829.0,44.0,8.0,100507.0,471.97,32.33,591.73,5.460000000000001,727.5,26335.0,2415.0,26569.0,237.0,44951.0,0.1657981230043476,0.0035183755285128054,0.003474611526899955,52.379188102973266,32.092937869701615,1.378267626425524,24.903938711647452,0.2970478918100723,41.32780790041534
WN,2025,3,12390.0,2047.0,72.0,15.0,119090.0,560.22,30.68,470.5,4.5200000000000005,981.0799999999999,31558.0,3198.0,20480.0,188.0,63666.0,0.17066436289509265,0.00419717639647945,0.0033903972291472666,56.751529547475805,30.12034545927648,1.1576359533170852,20.251120556684054,0.11716279393143901,48.35373523679094
WN,2025,4,11456.0,2721.0,63.0,32.0,170491.0,600.2,77.85,1076.55,5.49,960.9300000000001,32853.0,7118.0,70637.0,201.0,59682.0,0.23188587549312026,0.00367205338389484,0.002252596602312661,56.746419922780134,33.05161130464619,2.210174070473615,25.866815315360494,0.13130916895208236,38.740090140567624
WN,2025,5,11520.0,3328.0,55.0,44.0,217744.0,681.49,111.96000000000001,1458.36,7.32,1068.8500000000001,37484.0,11703.0,101592.0,180.0,66785.0,0.2808712509151152,0.003966464997754191,0.0016363316713812106,58.1398250426638,26.56335174471407,2.0478878156678917,29.195602706970536,0.20887661846235522,41.984281114185144
WN,2025,6,12212.0,3937.0,72.0,78.0,256528.0,883.47,135.7,1412.3799999999999,5.459999999999999,1500.01,52353.0,13487.0,92505.0,206.0,97977.0,0.3263667607509184,0.00840419046424397,0.003880132554483891,63.00782047983181,26.54727506263569,2.462032185251658,28.69000470898378,0.3068245392289418,41.99386350389993
WN,2025,7,12683.0,4078.0,150.0,102.0,287127.0,1034.43,142.26,1370.94,12.940000000000001,1517.3999999999999,61831.0,14602.0,103986.0,388.0,106320.0,0.3273572923176212,0.01224151415268944,0.007465442100865552,68.7505563412183,30.87096370916537,2.8456924711705955,25.728553525658185,0.2613076508069476,40.2934826431989
YV,2024,9,1405.0,130.0,3.0,0.0,9285.0,39.33,1.99,36.120000000000005,0.0,52.56,2851.0,173.0,1112.0,0.0,5149.0,0.09862564422926753,0.009513769587172679,0.0,67.25672043010752,38.45967741935484,0.8024193548387096,28.600806451612904,0.0,32.13709677419355
YV,2024,10,1129.0,90.0,1.0,0.0,8314.0,30.2,1.0,24.599999999999998,0.0,34.19,2232.0,87.0,673.0,0.0,5322.0,0.07696444175573032,0.00045372050816696913,0.0,57.98863636363637,59.916609842027505,0.5682463916354132,18.86521195590408,0.0,20.649931810433007
YV,2024,11,860.0,97.0,0.0,0.0,6062.0,33.54,0.0,36.830000000000005,0.0,26.63,2854.0,0.0,1066.0,0.0,2142.0,0.12526968716289105,0.0,0.0,53.08804347826087,37.80326086956522,0.0,40.15869565217392,0.0,22.03804347826087
YV,2024,12,1090.0,226.0,6.0,1.0,14295.0,50.8,3.25,99.89,0.0,72.04,3008.0,814.0,3824.0,0.0,6649.0,0.18975098235253088,0.002859866539561487,0.00047664442326024784,59.742009132420094,30.711026646522164,0.7420430156628156,46.69738187429728,0.0,21.849548463517745
YV,2025,1,1016.0,233.0,48.0,2.0,18498.0,46.08,15.2,96.02,0.0,75.71,3215.0,2781.0,4790.0,0.0,7712.0,0.18641697937331198,0.058008078586964315,0.0010277492291880781,69.30249632892804,34.12342131689475,6.830675013010621,34.351481011823175,0.0,24.694422658271456
YV,2025,2,863.0,144.0,15.0,1.0,10272.0,30.98,5.96,53.7,0.0,53.37,1668.0,580.0,2508.0,0.0,5516.0,0.19143374741200828,0.008928571428571428,0.0005952380952380953,75.60719424460432,23.48268469894252,2.1437306668584997,38.59578447593698,0.0,35.777800158261996
YV,2025,3,1142.0,180.0,5.0,0.0,19496.0,54.43,6.04,40.51,0.0,79.02,7032.0,420.0,1554.0,0.0,10490.0,0.1461491065927295,0.0023105360443622922,0.0,116.80377906976744,38.11046511627907,1.755813953488372,22.502906976744185,0.0,37.63081395348837
YV,2025,4,1161.0,157.0,0.0,1.0,11567.0,42.230000000000004,7.53,49.78,0.0,57.47,2359.0,1192.0,2888.0,0.0,5128.0,0.17372842870118074,0.0,0.00045413260672116256,83.47996794871796,22.149941510472033,2.61440177765433,38.80209974734661,0.0,36.433556964527035
YV,2025,5,1050.0,220.0,25.0,5.0,18538.0,55.7,5.869999999999999,65.14,1.0,92.28,4335.0,1284.0,2782.0,169.0,9968.0,0.2078291601773092,0.02641667665029352,0.0025458248472505093,109.9382801664355,26.378092534889692,7.5875937736385906,29.13573148642928,0.24271844660194172,36.65586375844049
YV,2025,6,1130.0,300.0,30.0,6.0,30515.0,70.97,17.39,65.56,0.0,146.08,6591.0,1531.0,4847.0,0.0,17546.0,0.30662393162393164,0.039797008547008544,0.007959401709401709,95.78731343283582,32.62756529850746,5.542210820895523,18.71198694029851,0.0,43.11823694029851
YV,2025,7,1049.0,260.0,49.0,7.0,24777.0,58.65,18.07,78.81,0.0,104.48,3981.0,2484.0,8754.0,0.0,9558.0,0.3027304933897866,0.03158213082174026,0.010109738183703448,76.19017094017093,22.29225164605063,10.356707307051309,36.32630755424653,0.0,31.024733492651528
YX,2024,9,725.0,59.0,2.0,0.0,3430.0,13.71,2.3499999999999996,16.88,0.0,26.06,574.0,181.0,576.0,0.0,2099.0,0.10579937304075235,0.011494252873563218,0.0,58.39539007092199,24.35904255319149,5.416666666666666,32.01329787234043,0.0,38.21099290780142
YX,2024,10,710.0,50.0,0.0,0.0,2924.0,14.989999999999998,2.0,12.049999999999999,0.0,20.96,993.0,342.0,442.0,0.0,1147.0,0.08607124874118832,0.0,0.0,64.13333333333334,31.766666666666666,2.2222222222222223,23.966666666666665,0.0,42.044444444444444
YX,2024,11,850.0,69.0,0.0,0.0,3050.0,15.24,1.1,17.27,0.0,35.39,771.0,48.0,455.0,0.0,1776.0,0.08909038312028783,0.0,0.0,41.83179723502304,25.089861751152075,7.8571428571428585,24.572580645161292,0.0,42.48041474654378
YX,2024,12,755.0,129.0,1.0,0.0,6952.0,25.41,4.71,46.06,0.0,52.830000000000005,1323.0,645.0,1740.0,0.0,3244.0,0.18345864661654138,0.005555555555555556,0.0,51.37687687687688,22.96538600126115,2.1214305017565986,37.270190873695064,0.0,37.6429926232872
YX,2025,1,641.0,105.0,46.0,0.0,5493.0,27.86,1.1,62.589999999999996,0.0,13.44,1590.0,37.0,2495.0,0.0,1371.0,0.14271329935886898,0.07503493342100936,0.0,43.36052631578947,32.24606274344668,0.5790083166649123,53.434793136119595,0.0,13.740135803768817
YX,2025,2,541.0,87.0,12.0,0.0,6294.0,13.74,3.69,40.57,0.0,29.009999999999998,1720.0,379.0,1724.0,0.0,2471.0,0.20529163039422957,0.03157256560129337,0.0,65.93478260869566,14.121265158647773,4.4177711255421706,42.138972712422245,0.0,39.321991003387815
YX,2025,3,742.0,104.0,2.0,0.0,6854.0,29.73,1.03,35.91,0.0,37.33,2090.0,107.0,1222.0,0.0,3435.0,0.1696417445482866,0.001557632398753894,0.0,67.39816408491106,25.55737234652897,0.6204819277108433,34.40246701090075,0.0,39.41967871485943
YX,2025,4,1092.0,129.0,2.0,0.0,8886.0,34.41,7.02,51.870000000000005,0.0,35.7,3801.0,723.0,1926.0,0.0,2436.0,0.14168454935622316,0.003661480686695279,0.0,64.21481612446959,23.139497878359265,8.082920792079207,36.042256011315416,0.0,32.73532531824611
YX,2025,5,1071.0,161.0,7.0,2.0,11011.0,37.019999999999996,7.1899999999999995,64.64,0.0,52.15,2391.0,1700.0,2589.0,0.0,4331.0,0.18419200312836054,0.007825789422230911,0.0010362694300518134,62.95453163017032,24.886557177615572,6.679440389294403,36.63366788321168,0.0,31.800334549878343
YX,2025,6,1080.0,229.0,29.0,2.0,20258.0,49.89,6.53,89.94000000000001,0.0,82.64,5695.0,593.0,5839.0,0.0,8131.0,0.21003641858122507,0.05271977064042462,0.001026694045174538,73.22529644268775,28.178304787000442,1.577294685990338,32.693017127799735,0.0,37.551383399209485
YX,2025,7,1087.0,193.0,92.0,2.0,18290.0,50.55,14.38,64.39,0.0,63.69,5278.0,1910.0,4229.0,0.0,6873.0,0.15641644055873782,0.08289786621110107,0.0010384215991692627,79.52330508474577,24.051195051115656,8.52182957685345,39.97637775825138,0.0,27.450597613779525
ZW,2024,12,1.0,1.0,0.0,0.0,426.0,0.86,0.0,0.04,0.0,0.11,365.0,0.0,16.0,0.0,45.0,1.0,0.0,0.0,426.0,85.14851485148515,0.0,3.9603960396039604,0.0,10.891089108910892
